선수명,Transfermarkt_ID
Abdessamad Ezzalzouli,724520
Abdul Mumin,451801
Abel Bretones,658115
Abel Ruiz,340376
Adrian,34495
Adrià Altimira,466807
Adrià Pedrosa,501418
Adrián Embarba,288318
Aihen Munoz,517842
Aimar Oroz,634131
Aitor Paredes,591916
Aitor Ruibal,378139
Albert Sambi Lokonga,381967
Alberto Moleiro,733576
Alejandro Balde,636688
Alejandro Catena,449796
Alejo Veliz,888493
Alex Berenguer,338425
Alex Munoz,243760
Alex Remiro,212862
Alex Sola,434990
Alex Suárez,510396
Alexander Sørloth,238407
Alfon González,357628
Anastasios Douvikas,523318
Ander Barrenetxea,616369
Ander Guevara,465967
Andoni Gorosabel,289255
Andrei Ratiu,527966
André Almeida,375382
Ante Budimir,46413
Antoine Griezmann,125781
Antonio Blanco,495621
Antonio Raillo,278296
Antonio Rüdiger,86202
Antonio Sivera,298197
Antonio Sánchez,513031
Antoniu Roca,834744
Anuar,327126
Arda Güler,861410
Aritz Elustondo,229804
Arnau Martinez,826224
Arnaut Danjuma,355861
Augusto Batalla,275218
Aurélien Tchouaméni,413112
Ayoze Pérez,246968
Benat Prados,625047
Benat Turrientes,634431
Bertug Yildirim,672803
Borja Iglesias,278359
Borja Mayoral,298976
Brahim Diaz,314678
Brais Méndez,309110
Bryan Gil,537382
Bryan Zaragoza,713644
Carl Starfelt,258987
Carles Alena,284854
Carles Pérez,282810
Carlos Martin,14511
Carlos Romero,725503
Carlos Vicente,540536
Chidera Ejuke,500067
Clément Lenglet,182904
Conor Gallagher,488362
Cristhian Mosquera,646750
Cristhian Stuani,59323
Cristian Portu,99353
Cyle Larin,343463
Cédric Bakambu,127048
César Tárrega,707274
Daley Blind,12282
Dani Olmo,293385
Daniel Ceballos,319745
Daniel Parejo,59561
Daniel Raba,413262
Daniel Rodriguez,948275
Daniel Vivian,524000
Darko Brasanac,95641
David Lopez,129444
David Soria,226012
Diego Conde,341713
Diego Garcia,852727
Diego Llorente,246291
Diego Lopez,34370
Diego Rico,249513
Dimitri Foulquier,170472
Djené,221150
Djibril Sow,212723
Dodi Lukebakio,303259
Domingos Duarte,257376
Dominik Greif,316884
Donny van de Beek,288255
Eduardo Camavinga,640428
Enzo Barrenechea,671915
Eray Cömert,298583
Eric Garcia,466794
Fabio Silva,505653
Federico Valverde,369081
Fermin Lopez,636703
Ferran Torres,398184
Flavien Boyomo,541555
Florian Lejeune,127108
Fran Beltrán,423444
Francisco Garcia,126716
Frenkie de Jong,326330
Gavi,646740
Gerard Fernandez,639733
Gerard Gumbau,268670
Gerard Martin,705395
Giorgi Mamardashvili,502676
Giovani Lo Celso,348795
Giuliano Simeone,742201
Gorka Guruzeta,340205
Hugo Duro,573775
Hugo Sotelo,892221
Hugo Álvarez,892929
Iago Aspas,72047
Igor Zubeldia,355628
Ilaix Moriba,617074
Inaki Williams,255508
Inigo Martinez,158863
Inigo Ruiz de Galarreta,126751
Isaac Romero,687609
Isco,85288
Isi Palazon,362086
Iván Balliu,85295
Iván Martin,341278
Iván Sánchez,23102
Jaime Mata,227961
Jan Oblak,121483
Jasper Cillessen,146227
Javi Galán,448628
Javi Lopez,568158
Javi Rodriguez,1076815
Javi Sánchez,340853
Javier Guerra,834764
Javier Hernández,50935
Javier Munoz,15465
Javier Puado,408471
Jesus Areso,488626
Jesus Rodriguez,1190411
Joan Garcia,561613
Joan Jordán,263727
Jofre Carreras,628498
Johan Mojica,262939
Johnny Cardoso,689505
Jon Aramburu,661145
Jon Guridi,289257
Jon Moncayola,552425
Jorge Sáenz,340339
Jorge de Frutos,455181
José Campana,120095
José Copete,520840
José Gayà,221322
José Giménez,250845
José Ángel Carmona,711625
Juan Cruz,282365
Juan Foyth,480763
Juan Iglesias,390688
Juanlu Sánchez,676042
Juanmi Latasa,623521
Jude Bellingham,581678
Jules Koundé,411975
Julián Álvarez,576024
Karl Hein,493513
Kike Garcia,93936
Kike Pérez,527698
Kike Salas,766583
Kiko,27486
Kirian Rodriguez,566574
Koke,74229
Kylian Mbappé,342229
Ladislav Krejci,345911
Lamine Yamal,937958
Leandro Cabrera,102423
Logan Costa,484988
Loic Badé,730581
Lucas Rosa,468309
Lucas Torro,213670
Lucas Vázquez,221316
Lucien Agoume,569384
Luis Milla,147796
Luis Pérez,289340
Luis Rioja,278837
Luka Modric,27992
Luka Sucic,502722
Mamadou Sylla,166683
Manu Morlanes,335225
Manuel Fuster,511021
Manuel Sánchez,618809
Marc Bartra,99922
Marc Casado,636695
Marcos Alonso,112515
Marcos Llorente,282411
Mario Martin,948273
Marko Dmitrovic,94308
Martin Valjent,277384
Martin Zubimendi,423440
Marvin Park,603940
Matija Nastasic,143559
Mauro Arambarri,290249
Miguel Gutiérrez,525299
Miguel de la Fuente,480883
Mika Mármol,617060
Mikel Jauregizar,938729
Mikel Oyarzabal,351478
Mikel Vesga,300168
Moi Gomez,175449
Moussa Diarra,694509
Munir El Haddadi,223725
Nahuel Molina,424042
Nahuel Tenaglia,533568
Natan,39095
Nayef Aguerd,361914
Nemanja Gudelj,74294
Nico Williams,709187
Nicolas Pépé,343052
Oihan Sancet,571020
Omar Alderete,353032
Omar El Hilali,822331
Omar Mascarell,142031
Oriol Romeu,66100
Orri Oskarsson,660438
Oscar Mingueza,331505
Oscar Rodriguez,284884
Oscar Valentin,517753
Oscar de Marcos,96718
Pablo Barrios,775605
Pablo Durán,905997
Pablo Fornals,357885
Pablo Ibánez,8116
Pablo Maffeo,251876
Pape Gueye,485963
Pathé Ciss,525578
Pau Cubarsi,962110
Paulo Gazzaniga,195488
Pedri,683840
Pedro Diaz,363057
Pep Chavarria,596122
Pepelu,328480
Pol Lozano,412045
Rafa Mir,361254
Ramon Terrats,783396
Randy Nteka,560483
Raphinha,411295
Raul Asencio,935245
Raul Garcia,34601
Raul Moro,624942
Renato Tapia,277137
Robert Lewandowski,38253
Robert Navarro,563137
Roberto Fernández,107318
Robin Le Normand,351809
Rodrigo De Paul,255901
Rodrygo,412363
Romain Perraud,318523
Rubén Garcia,213260
Rubén Pena,238868
Samu,126540
Samuel Dias Lino,694928
Sandro Ramirez,199369
Santi Comesana,380598
Santiago Mourino,953901
Saul Niguez,148928
Scott McKenna,255906
Selim Amallah,377219
Sergi Altimira,466801
Sergi Cardona,678406
Sergi Darder,142021
Sergio Camello,505674
Sergio Carreira,545647
Sergio Gomez,366930
Sergio González,281979
Sergio Herrera,248738
Seydouba Cisse,543537
Sheraldo Becker,188888
Stanko Juric,388125
Takefusa Kubo,405398
Takuma Asano,245744
Thibaut Courtois,108390
Thierno Barry,937941
Umar Sadiq,337715
Unai Gomez,834752
Unai Lopez,192009
Unai Simon,262396
Valentin Rosier,441170
Vedat Muriqi,256267
Vicente Guaita,64399
Vinicius Junior,371998
Viti,487469
Vitor Roque,5807
Williot Swedberg,764859
Willy Kambwala,780630
Yangel Herrera,378293
Yaser Asprilla,857818
Yeray Álvarez,255488
Youssouf Sabaly,135492
Yuri Berchiche,61812
Yvan Neyou Noupa,469669
aaron martin caricol,251878
abderrahman rebbach,718034
abdessamad ezzalzouli,724520
abdon prats,177452
abdoulaye ba,106837
abdul mumin,451801
abner,646402
aday,132921
adil rami,51118
adnan januzaj,177847
adrian gonzalez,44073
adrià pedrosa,501418
adrián embarba,288318
agustin marchesin,54534
aihen munoz,517842
aimar oroz,634131
aissa mandi,80293
aitor fernández,118997
aitor paredes,591916
aitor ruibal,378139
alberto aquilani,5957
alberto bueno,45335
alberto moleiro,733576
alberto moreno,207917
aleix febas,217144
aleix garcia,261504
aleix vidal,88490
alejandro balde,636688
alejandro cantero,638235
alejandro catena,449796
alejandro pozo,341272
alen halilovic,226074
alex berenguer,338425
alex remiro,212862
alex sola,434990
alex suárez,510396
alex telles,255755
alexander isak,349066
alexander sørloth,238407
alexis,534033
alfonso espino,311044
alfonso pedraza,356197
allan nyom,111508
amath ndiaye,339820
anaitz arbilla,71548
anastasios douvikas,523318
ander barrenetxea,616369
ander capa,197545
ander guevara,465967
ander herrera,99343
ander iturraspe,71571
andoni gorosabel,289255
andre-frank zambo anguissa,354361
andreas christensen,196948
andreas pereira,203394
andriy lunin,404839
andré almeida,375382
andré gomes,221025
andré silva,198008
andrés guardado,20506
andrés iniesta,7600
ansu fati,466810
ante budimir,46413
anthony lozano,131275
antoine griezmann,125781
antonio adan,44062
antonio barragan,32522
antonio blanco,495621
antonio moya,295065
antonio puertas,262365
antonio raillo,278296
antonio rüdiger,86202
antonio sanabria,234523
antonio sivera,298197
antonio sánchez,513031
aridane hernández,82503
aritz elustondo,229804
arnau martinez,826224
arnaut danjuma,355861
arsen zakharyan,555143
artem dovbyk,343537
arthur,362842
arturo vidal,37666
asier illarramendi,59344
asier villalibre,251897
augusto solari,282694
aurélien tchouaméni,413112
axel witsel,35047
aymeric laporte,176553
ayoze pérez,246968
bebé,26541
benat etxebarria,40888
benat prados,625047
benat turrientes,634431
borja baston,85324
borja garcia,67808
borja iglesias,278359
borja mayoral,298976
boubakary soumaré,344605
boulaye dia,626913
brahim diaz,314678
brais méndez,309110
brian oliván,166677
bruno gonzález,188838
bruno soriano,44412
bryan gil,537382
bryan zaragoza,713644
carl starfelt,258987
carles alena,284854
carles gil,127987
carles pérez,282810
carlos bacca,119235
carlos castro,277093
carlos clerc,193784
carlos dominguez,636093
carlos fernández,216464
carlos neva,448844
carlos protesoni,431190
carlos soler,372246
casemiro,16306
celso borges,81532
cenk özkacar,615350
chadi riad,689637
chema,248330
chidozie awaziem,358143
christian rivera,426324
christopher ramos,538810
claudio bravo,40423
clément lenglet,182904
cristhian mosquera,646750
cristhian stuani,59323
cristian portu,99353
cristian tello,141834
cristiano piccini,163086
cristiano ronaldo,8198
cyle larin,343463
cédric bakambu,127048
césar azpilicueta,57500
césar de la hoz,226261
césar montes,387687
daley blind,12282
damian musto,67823
dani calvo,326416
dani castellano,64363
dani cárdenas,397676
dani garcia,7608
daniel carrico,37712
daniel carvajal,138927
daniel ceballos,319745
daniel escriche,531829
daniel gomez,422460
daniel parejo,59561
daniel raba,413262
daniel rodriguez,948275
daniel torres,465822
daniel vivian,524000
darko brasanac,95641
darwin machis,211251
david alaba,59016
david lomban,63723
david lopez,129444
david silva,35518
david soria,226012
david timor copovi,158795
david zurutuza,59375
denis suárez,165007
deyverson,243541
didac vila,67090
diego alves,42373
diego carlos,329145
diego costa,44779
diego godin,54928
diego gonzález,873981
diego lainez,371174
diego llorente,246291
diego lopez,34370
diego reyes,131090
diego rico,249513
dimitri foulquier,170472
dimitris siovas,52403
dion lopy,649033
djené,221150
djibril sow,212723
dodi lukebakio,303259
domingos duarte,257376
douglas,447661
douglas luiz,447661
duje cop,46415
edgar badia,102146
edgar gonzález,401624
edu exposito,506248
eduardo camavinga,640428
el bilal touré,649016
eliaquim mangala,90681
emerson royal,476344
emiliano ariel rigoni,282544
emmanuel boateng,332612
enes ünal,251106
enis bardhi,245014
enric gallego,114060
enrique barja,298575
enzo loiodice,581781
enzo pérez,56066
enzo roco,186862
eray cömert,298583
eric garcia,466794
erick cabaco,302991
erik lamela,111630
ezequiel garay,35939
ezequiel ponce,296783
ezequiel ávila,167721
fabian schär,135343
fabián orellana,60890
fabián ruiz,350219
facundo roncaglia,61546
fali,252667
faycal fajr,174344
federico nicolas cartabia,242548
federico ricca,285322
federico san emeterio,307519
federico valverde,369081
felipe,159372
fer nino,627294
ferland mendy,291417
fermin lopez,636703
fernando,7767
fernando calero,357884
fernando martinez,53134
fernando navarro,7593
ferran torres,398184
fidel chaves,149231
filip jörgensen,585323
filipe luis,21725
florian lejeune,127108
fran beltrán,423444
fran gámez,442816
fran mérida,42920
fran pérez,622988
francis coquelin,74869
francis guerrero,370691
francisco garcia,126716
francisco portillo,138803
franck kessié,294808
franco cervi,341110
franco vázquez,76163
frenkie de jong,326330
gabi,244275
gabriel mercado,45319
gabriel paulista,149498
gabriel pires,167291
gabriel veiga,699704
gaku shibasaki,129693
gareth bale,39381
gaston álvarez,577486
gavi,646740
geoffrey kondogbia,127189
gerard gumbau,268670
gerard moreno,177467
gerard piqué,18944
germán pezzella,113133
germán sánchez,95963
geronimo rulli,229604
giorgi mamardashvili,502676
giovani lo celso,348795
giovanni gonzález,339699
goncalo guedes,225122
goncalo paciencia,181547
gonzalo escalante,266795
gonzalo melero,162056
gonzalo montiel,402733
gonzalo plata,592735
gonzalo verdu,184779
gonzalo villar,398163
goran causic,94304
gorka guruzeta,340205
guido carrillo,184672
guido pizarro,105899
guido rodriguez,342385
guilherme,725464
guillermo maripan,249730
guillermo ochoa,29559
gustavo cabral,30677
hamari traoré,297070
hector bellerin,191217
helibelton palacios,211389
hugo duro,573775
hugo guillamon,495629
hugo mallo,119905
héctor herrera,122043
héctor moreno,51046
iago aspas,72047
iddrisu baba,442805
ignacio camacho,58874
ignasi miquel,70245
igor zubeldia,355628
iker muniain,54235
iker munoz,710677
ilaix moriba,617074
ilias akhomach,709969
ilkay gündogan,53622
inaki williams,255508
inigo cordoba,251848
inigo lekue,255501
inigo martinez,158863
inigo pérez,71579
inigo ruiz de galarreta,126751
isaac carcelén,254037
isaac cuenca,176285
isco,85288
isi palazon,362086
ivan rakitic,32467
ivan ramis,26066
ivi lopez,282371
iván alejo,281755
iván balliu,85295
iván cuéllar,27493
iván fresneda,946883
iván marcone,90451
iván martin,341278
iván sánchez,23102
iván villar,297194
jaime mata,227961
jaime seoane,340867
jairo izquierdo,337946
james rodriguez,88103
jan oblak,121483
jason,277114
jasper cillessen,146227
jaume costa,65318
jaume domenech,227805
javi fuego,56134
javi galán,448628
javi garcia,36350
javi lopez,568158
javi ontiveros,298983
javi sánchez,340853
javier eraso,156814
javier guerra,834764
javier hernández,50935
javier mascherano,19981
javier munoz,15465
javier puado,408471
jawad el yamiq,235412
jefferson lerma,262980
jeison murillo,131102
jens jønsson,148355
jeremie boga,216569
jesus areso,488626
jesus navas,15956
joan jordán,263727
joao cancelo,182712
joao félix,462250
joaquin,111961
joaquin correa,227081
joaquin fernández,111961
joel robles,101118
johan mojica,262939
john guidetti,98596
jon guridi,289257
jon moncayola,552425
jon morcillo,455349
jon pacheco,580560
jonas martin,127142
jonas ramalho,69660
jonathan bamba,292818
jonathan calleri,284727
jonathan viera,153238
jonny,42412
jordi alba,69751
jordi masip,65263
jorge cuenca,494880
jorge de frutos,455181
jorge herrando,555500
jorge meré,286779
jorge molina,57825
jorge pulido,67546
josan,32720
joseba zaldua,197135
josema,250845
joseph aidoo,358250
josé arnáiz,364603
josé campana,120095
josé copete,520840
josé gayà,221322
josé giménez,250845
josé luis morales,252677
josé manuel jurado,28261
josé pozo,135105
josé ángel,277179
josé ángel carmona,711625
jota,340950
juan brandariz,333361
juan cala,67089
juan cruz,282365
juan foyth,480763
juan hernández,459463
juan iglesias,390688
juan miranda,341227
juan pablo anor acosta,256680
juanfran,16635
juankar,126625
juanlu sánchez,676042
juanmi,126737
juanmi latasa,623521
juanpe,115333
jude bellingham,581678
jules koundé,411975
julian araujo,513970
junior firpo,374139
justin kluivert,330659
jørgen strand larsen,429983
kang-in lee,557149
karim benzema,18922
karl toko ekambi,315110
keidi bare,295622
keko gontan,66112
kenan kodro,197126
kenneth omeruo,131708
kepa arrizabalaga,192279
kevin rodrigues,206947
kevin-prince boateng,16922
keylor navas,79422
kieran tierney,300716
kieran trippier,95810
kike garcia,93936
kike pérez,527698
kike salas,766583
kiko,27486
kiko olivas,51667
kirian rodriguez,566574
koke,74229
kévin gameiro,27389
lamine yamal,937958
largie ramazani,518644
leandro cabrera,102423
leandro chichizola,95736
leo baptistao,221899
lionel messi,28003
loic badé,730581
loic rémy,45121
loren moron,354741
luca de la torre,315762
lucas boye,334222
lucas hernández,281963
lucas ocampos,189441
lucas olaza,216240
lucas pires,927768
lucas robertone,457221
lucas torro,213670
lucas vázquez,221316
luciano dario vietto,214316
luciano neves,223560
luis advincula,103890
luis hernández,62945
luis maximiano,367464
luis milla,147796
luis muriel,119228
luis pérez,289340
luis rioja,278837
luis suárez,44352
luisinho,223765
luiz felipe,457931
luiz henrique,800175
luka modric,27992
luuk de jong,72522
mamadou sylla,166683
manolo reina,29051
manu garcia,277118
manu morlanes,335225
manuel sánchez,618809
manuel trigueros,188854
marc bartra,99922
marc cucurella,284857
marc pubill,844637
marc roca,336869
marc-andre ter stegen,74857
martin aguirregabiria,483573
martin braithwaite,95732
martin montoya,68645
martin valjent,277384
martin zubimendi,423440
martin ødegaard,316264
marvin park,603940
mason greenwood,532826
mateo kovacic,51471
mateo pablo musacchio,45653
matheus cunha,517894
mathias olivera,376514
matias dituro,144128
matias kranevitter,240900
matija nastasic,143559
mauricio lemos,303140
mauro arambarri,290249
maxime gonalons,60542
maximo perrone,668547
mehdi carcela-gonzalez,42714
memphis depay,167850
michael krohn-dehli,18006
michel,249434
miguel gutiérrez,525299
miguel rubio,583510
mika mármol,617060
mikel merino,338424
mikel oyarzabal,351478
mikel rico,51474
mikel san josé,52469
mikel vesga,300168
mohammed salisu,563963
moi gomez,175449
momo,670847
monchu,282727
mouctar diakhaby,346289
mubarak wakaso,45639
munir el haddadi,223725
myrto uzuni,315289
nabil fekir,203496
nacho fernandez,58884
nacho gil,336731
nacho martinez,127554
nacho monreal,43003
nacho vidal,216870
nahuel molina,424042
nani,33706
nemanja gudelj,74294
nemanja maksimovic,273152
nemanja radoja,168959
neto,151248
neymar,68290
nico gonzález,466805
nico williams,709187
nicolas jackson,776890
nicolas pareja,41281
nicolás gaitán,75442
nolito,70934
nordin amrabat,55619
oier zarraga,524010
oihan sancet,571020
okay yokuslu,137616
oliver burke,341317
oliver torres,214775
omar alderete,353032
omar mascarell,142031
oriol riera,71671
oriol romeu,66100
oscar de marcos,96718
oscar gil,544106
oscar melendo,448344
oscar mingueza,331505
oscar plano,221309
oscar rodriguez,284884
oscar trejo,30321
oscar valentin,517753
ousmane dembélé,288230
pablo barrios,775605
pablo de blasis,75446
pablo fornals,357885
pablo hernández,46220
pablo ibánez,8116
pablo insua,171362
pablo maffeo,251876
pablo piatti,56067
pablo sarabia,74230
pablo torre,720038
pathé ciss,525578
pau cubarsi,962110
pau torres,399776
paulinho,57229
paulo gazzaniga,195488
paulo oliveira,139336
pedri,683840
pedro alcala,51663
pedro bigas,203043
pedro lopez,25412
pedro mosquera,44069
pedro porro,553875
pepe reina,7825
pepelu,328480
pere milla,225593
pervis estupinán,349599
petros,200558
philippe coutinho,80444
pione sisto,252641
predrag rajkovic,190263
quincy promes,182381
quini,135094
radamel falcao,39152
rafa marin,662261
rafa mir,361254
ramiro funes mori,11111
ramon azeez,131667
randy nteka,560483
raphinha,411295
raul albentosa,77026
raul albiol,15452
raul garcia,34601
raul guti,330352
reinildo,240692
renan lodi,476352
renato tapia,277137
ricard sánchez,388545
rober,38253
robert lewandowski,38253
robert navarro,563137
roberto,131789
roberto canella,57785
roberto santamaria,35541
roberto soldado,34870
roberto soriano,63186
robin le normand,351809
rodri,357565
rodrigo andrés battaglia,89297
rodrigo de paul,255901
rodrigo ely,176140
rodrigo riquelme,461617
rodrygo,412363
roger marti,212391
roman yaremchuk,221958
ronald araujo,480267
roque mesa,202984
ruben castro,25316
ruben pardo,99352
ruben sobrino,85383
ruben vezo,257851
rubén alcaraz,247250
rubén blanco,199321
rubén duarte,177046
rubén garcia,213260
rubén pena,238868
rubén pérez,113045
rui silva,234811
saidy janko,196435
salvatore sirigu,25508
samir nasri,18935
samu,126540
samuel aghehowa,991268
samuel castillejo,195171
samuel chukwueze,401922
samuel dias lino,694928
samuel umtiti,126540
sandro ramirez,199369
santi cazorla,15799
santi comesana,380598
santi mina,255653
santiago arias,120443
santiago bueno,438001
saul coco,588426
saul niguez,148928
savinho,743591
sergi canos,251845
sergi cardona,678406
sergi darder,142021
sergi enrich,81988
sergi gomez,92947
sergi guardiola,256429
sergi roberto,85370
sergi samper,181112
sergino dest,361104
sergio akieme,355627
sergio arribas,537762
sergio asenjo,51710
sergio busquets,65230
sergio camello,505674
sergio canales,66106
sergio escudero,93935
sergio garcia,7922
sergio gomez,366930
sergio herrera,248738
sergio leon,26399
sergio mora,62611
sergio postigo,158791
sergio ramos,25557
sergio reguilon,282429
sergio rico,207302
sergio ruiz,394694
sergio álvarez,45912
shinji okazaki,79642
shon weissman,247652
sidnei,27374
sime vrsaljko,76061
sofiane boufal,232271
srdjan babic,222805
stanislav lobotka,192735
stefan mitrovic,726526
stefan savic,107010
stevan jovetic,46104
stole dimitrievski,165467
suso,111961
takashi inui,98249
takefusa kubo,405398
tana,238223
tanguy nianzou,538996
tete morente,339816
theo hernández,339808
thiago galhardo,186399
thibaut courtois,108390
thierry correia,367466
thomas delaney,91849
thomas partey,230784
théo bongonda,280701
tito,125165
tomas vaclik,64000
tomás alarcon,454238
toni kroos,31909
toni lato,320271
toni villa,337066
tono,1057316
trincao,412669
umar sadiq,337715
unai bustinza,156808
unai garcia,197122
unai gomez,834752
unai lopez,192009
unai nunez,338285
unai simon,262396
unai vencedor,610083
uros racic,417575
valentin castellanos,522784
valery fernández,331496
vedat muriqi,256267
vicente guaita,64399
vicente iborra,65467
victor camarasa,263856
victor chust,495625
victor diaz,58330
victor laguardia,67080
victor rodriguez,129753
victor ruiz,62920
victor sánchez,7502
vinicius de souza costa,663581
vinicius junior,371998
william carvalho,100131
willian josé,122155
xabier etxeita,71559
xabier prieto,15693
ximo navarro,184767
yan couto,627228
yangel herrera,378293
yannick carrasco,140776
yassine bounou,207834
yeray álvarez,255488
yoel rodriguez,58115
yoshinori muto,230541
youssef en-nesyri,433049
youssouf sabaly,135492
yunus musah,503991
yuri berchiche,61812
zouhair feddal,129386
Álex Baena,548111
Álvaro Garcia,257062
Álvaro Rodriguez,298758
Álvaro Tejero,290273
Ángel Correa,266807
Ørjan Håskjold Nyland,73517
álex baena,548111
álex fernández,89733
álex moreno,193098
álvaro aguado,449496
álvaro fernández,811778
álvaro garcia,257062
álvaro gonzález,183647
álvaro medrán,253839
álvaro morata,128223
álvaro vadillo,162074
álvaro vallés,417913
ángel algobia,638589
ángel correa,266807
ángel montoro,59551
ángel rodriguez,51510
éder militao,401530
édinson cavani,48280
étienne capoue,63494
éver banega,12249
ørjan håskjold nyland,73517
Abdelkabir Abqar,481534
Chrisantus Uche,1016024
Jon Olasagasti,674347
Oliver McBurnie,298377
Viktor Tsigankov,264372
Yéremi Pino,612812
junior lago,160497
mamadou loum ndiaye,364237
marcelo,44512
marcelo diaz,83881
marco asensio,297217
marcos acuna,60410
marcos alonso,112515
marcos de sousa,411995
marcos llorente,301932
mariano,225219
mario gaspar,73250
mario hermoso,282054
markel susaeta,46237
marko dmitrovic,94303
marko livaja,95440
nico ribaudo,658190
pape kouli diop,74203
simon kjær,48859
